,release_id,eps,earnings_release_id,is_live,last_release_date,publish_status,quarter,qualifier,region_id,release_date,ticker_id,values,year,ticker,change,change_ratio,close_price,currency_code,currency_id,derivative_support,dis_exchange_code,dis_symbol,exchange_code,exchange_id,fifty_two_week_high,fifty_two_week_low,high_price,low_price,volume,vibrate_ratio,symbol,pe_ttm
0,,,,False,2023-03-17,1,Q1,AMC,6,2023-06-20,913254564,"{'earningReleaseId': 619593, 'tickerId': 913254564, 'regionId': 6, 'qualifier': 'AMC', 'year': 2023, 'quarter': 'Q1', 'releaseDate': '2023-06-20', 'isLive': False, 'lastReleaseDate': '2023-03-17', 'publishStatus': 1}",2023,<sdks.webull_sdk.top_gainers.Ticker object at 0x00000203DB596510>,0.035,0.0129,2.745,USD,247,1,NYSE,DLNG,NYSE,11,4.258,2.080,2.760,2.670,40208,0.0330,DLNG,2.382
1,,,,True,2023-03-16,1,Q4,AMC,6,2023-06-20,913255289,"{'earningReleaseId': 619610, 'tickerId': 913255289, 'regionId': 6, 'qualifier': 'AMC', 'epsEstimate': '4.8179', 'year': 2023, 'quarter': 'Q4', 'releaseDate': '2023-06-20', 'isLive': True, 'lastReleaseDate': '2023-03-16', 'lastEps': '3.05', 'lastYear': 2023, 'lastQuarter': 'Q3', 'publishStatus': 1}",2023,<sdks.webull_sdk.top_gainers.Ticker object at 0x00000203DB596510>,-1.86,-0.0080,231.60,USD,247,1,NYSE,FDX,NYSE,11,248.76,139.40,234.59,229.96,1998235,0.0198,FDX,19.97
2,,,,True,2023-02-22,1,Q4,AMC,6,2023-06-20,913255507,"{'earningReleaseId': 619442, 'tickerId': 913255507, 'regionId': 6, 'qualifier': 'AMC', 'epsEstimate': '0.72', 'year': 2023, 'quarter': 'Q4', 'releaseDate': '2023-06-20', 'isLive': True, 'lastReleaseDate': '2023-02-22', 'publishStatus': 1}",2023,<sdks.webull_sdk.top_gainers.Ticker object at 0x00000203DB596510>,0.24,0.0086,27.43,USD,247,1,NYSE,LZB,NYSE,11,33.06,21.49,27.68,27.18,305710,0.0185,LZB,6.82
3,,,,False,2023-03-17,1,Q1,AMC,6,2023-06-20,913323116,"{'earningReleaseId': 619593, 'tickerId': 913323116, 'regionId': 6, 'qualifier': 'AMC', 'year': 2023, 'quarter': 'Q1', 'releaseDate': '2023-06-20', 'isLive': False, 'lastReleaseDate': '2023-03-17', 'publishStatus': 1}",2023,<sdks.webull_sdk.top_gainers.Ticker object at 0x00000203DB596510>,0.26,0.0118,22.30,USD,247,0,NYSE,DLNG-PRA,NYSE,11,25.14,20.16,22.30,22.10,12232,0.0092,DLNG PRA,19.35
4,,,,False,2023-03-17,1,Q1,AMC,6,2023-06-20,950102434,"{'earningReleaseId': 619593, 'tickerId': 950102434, 'regionId': 6, 'qualifier': 'AMC', 'year': 2023, 'quarter': 'Q1', 'releaseDate': '2023-06-20', 'isLive': False, 'lastReleaseDate': '2023-03-17', 'lastYear': 2022, 'lastQuarter': 'Q4', 'publishStatus': 1}",2023,<sdks.webull_sdk.top_gainers.Ticker object at 0x00000203DB596510>,-0.09,-0.0040,22.61,USD,247,0,NYSE,DLNG-PRB,NYSE,11,25.95,20.69,22.68,22.61,1135,0.0032,DLNG PRB,19.62
5,,,,False,2023-03-15,1,Q4,AMC,6,2023-06-20,950175452,"{'earningReleaseId': 649516, 'tickerId': 950175452, 'regionId': 6, 'qualifier': 'AMC', 'year': 2023, 'quarter': 'Q4', 'releaseDate': '2023-06-20', 'isLive': False, 'lastReleaseDate': '2023-03-15', 'publishStatus': 1}",2023,<sdks.webull_sdk.top_gainers.Ticker object at 0x00000203DB596510>,0.00,0.0000,0.0380,USD,247,0,OTCMQB,CWSFF,OTCB,201,1.360,0.0286,,,0,,CWSFF,-0.7819
6,,,,True,2023-03-13,1,Q4,AMC,6,2023-06-21,913253762,"{'earningReleaseId': 619688, 'tickerId': 913253762, 'regionId': 6, 'qualifier': 'AMC', 'epsEstimate': '-0.01', 'year': 2023, 'quarter': 'Q4', 'releaseDate': '2023-06-21', 'isLive': True, 'lastReleaseDate': '2023-03-13', 'publishStatus': 1}",2023,<sdks.webull_sdk.top_gainers.Ticker object at 0x00000203DB596510>,-0.31,-0.0187,16.30,USD,247,1,NASDAQ,CDMO,NAS,10,21.05,11.34,16.55,15.87,297892,0.0409,CDMO,12.67
7,,,,True,2023-03-22,1,Q3,AMC,6,2023-06-21,913254974,"{'earningReleaseId': 619607, 'tickerId': 913254974, 'regionId': 6, 'qualifier': 'AMC', 'epsEstimate': '0.4', 'year': 2023, 'quarter': 'Q3', 'releaseDate': '2023-06-21', 'isLive': True, 'lastReleaseDate': '2023-03-22', 'publishStatus': 1}",2023,<sdks.webull_sdk.top_gainers.Ticker object at 0x00000203DB596510>,0.26,0.0095,27.68,USD,247,1,NYSE,EPAC,NYSE,11,28.57,16.06,27.77,27.18,82844,0.0215,EPAC,68.72
8,,,,True,2023-03-22,1,Q2,AMC,6,2023-06-21,913255452,"{'earningReleaseId': 619481, 'tickerId': 913255452, 'regionId': 6, 'qualifier': 'AMC', 'epsEstimate': '1.2875', 'year': 2023, 'quarter': 'Q2', 'releaseDate': '2023-06-21', 'isLive': True, 'lastReleaseDate': '2023-03-22', 'publishStatus': 1}",2023,<sdks.webull_sdk.top_gainers.Ticker object at 0x00000203DB596510>,0.08,0.0016,50.85,USD,247,1,NYSE,KBH,NYSE,11,51.71,24.62,51.71,50.67,1160800,0.0205,KBH,5.59
9,,,,True,2023-03-02,2,Q4,BMO,6,2023-06-21,913323448,"{'earningReleaseId': 619679, 'tickerId': 913323448, 'regionId': 6, 'qualifier': 'BMO', 'epsEstimate': '0.6286', 'year': 2023, 'quarter': 'Q4', 'releaseDate': '2023-06-21', 'isLive': True, 'lastReleaseDate': '2023-03-02', 'lastEps': '0.55', 'lastYear': 2023, 'lastQuarter': 'Q3', 'publishStatus': 2}",2023,<sdks.webull_sdk.top_gainers.Ticker object at 0x00000203DB596510>,-0.17,-0.0058,28.34,USD,247,1,NASDAQ,PDCO,NSQ,96,31.71,23.19,28.65,28.14,348373,0.0179,PDCO,14.14
10,,,,True,2023-03-23,1,Q1,AMC,6,2023-06-21,913324306,"{'earningReleaseId': 619475, 'tickerId': 913324306, 'regionId': 6, 'qualifier': 'AMC', 'epsEstimate': '-0.035', 'year': 2024, 'quarter': 'Q1', 'releaseDate': '2023-06-21', 'isLive': True, 'lastReleaseDate': '2023-03-23', 'publishStatus': 1}",2024,<sdks.webull_sdk.top_gainers.Ticker object at 0x00000203DB596510>,0.07,0.0088,7.43,USD,247,1,NYSE,SCS,NYSE,11,12.38,6.04,7.44,7.24,466119,0.0272,SCS,24.72
11,,,,False,2023-03-22,2,Q3,BMO,6,2023-06-21,913324542,"{'earningReleaseId': 619476, 'tickerId': 913324542, 'regionId': 6, 'qualifier': 'BMO', 'epsEstimate': '1.68', 'year': 2023, 'quarter': 'Q3', 'releaseDate': '2023-06-21', 'isLive': False, 'lastReleaseDate': '2023-03-22', 'publishStatus': 2}",2023,<sdks.webull_sdk.top_gainers.Ticker object at 0x00000203DB596510>,-0.39,-0.0061,64.03,USD,247,1,NYSE,WGO,NYSE,11,70.53,44.70,64.71,63.61,317477,0.0171,WGO,6.82
12,,,,True,2023-02-14,1,Q4,AMC,6,2023-06-21,950181768,"{'earningReleaseId': 934001, 'tickerId': 950181768, 'regionId': 6, 'qualifier': 'AMC', 'year': 2023, 'quarter': 'Q4', 'releaseDate': '2023-06-21', 'isLive': True, 'lastReleaseDate': '2023-02-14', 'publishStatus': 1}",2023,<sdks.webull_sdk.top_gainers.Ticker object at 0x00000203DB596510>,-0.30,-0.0383,7.48,USD,247,1,NASDAQ,ASTL,NMS,95,9.94,5.60,7.78,7.47,399924,0.0398,ASTL,1.557
13,,,,True,2023-02-13,1,Q4,AMC,6,2023-06-22,913253688,"{'earningReleaseId': 640534, 'tickerId': 913253688, 'regionId': 6, 'qualifier': 'AMC', 'epsEstimate': '-0.25', 'year': 2023, 'quarter': 'Q4', 'releaseDate': '2023-06-22', 'isLive': True, 'lastReleaseDate': '2023-02-13', 'lastEps': '-0.28', 'lastYear': 2023, 'lastQuarter': 'Q3', 'publishStatus': 1}",2023,<sdks.webull_sdk.top_gainers.Ticker object at 0x00000203DB596510>,-0.028,-0.0220,1.223,USD,247,1,NASDAQ,CGRN,NAS,10,4.000,1.110,1.250,1.210,40613,0.0320,CGRN,-1.0461
14,,,,False,2023-02-15,2,Q4,BMO,6,2023-06-22,913253697,"{'earningReleaseId': 618713, 'tickerId': 913253697, 'regionId': 6, 'qualifier': 'BMO', 'epsEstimate': '0.23', 'year': 2023, 'quarter': 'Q4', 'releaseDate': '2023-06-22', 'isLive': False, 'lastReleaseDate': '2023-02-15', 'lastEps': '0.133', 'lastYear': 2023, 'lastQuarter': 'Q3', 'publishStatus': 2}",2023,<sdks.webull_sdk.top_gainers.Ticker object at 0x00000203DB596510>,-0.11,-0.0198,5.45,USD,247,1,NASDAQ,CRWS,NAS,10,6.67,4.952,5.53,5.32,5913,0.0378,CRWS,7.60
15,,,,False,2023-03-02,2,Q4,BMO,6,2023-06-22,913254792,"{'earningReleaseId': 619533, 'tickerId': 913254792, 'regionId': 6, 'qualifier': 'BMO', 'epsEstimate': '1.6175', 'year': 2023, 'quarter': 'Q4', 'releaseDate': '2023-06-22', 'isLive': False, 'lastReleaseDate': '2023-03-02', 'publishStatus': 2}",2023,<sdks.webull_sdk.top_gainers.Ticker object at 0x00000203DB596510>,0.81,0.0123,66.82,USD,247,1,NYSE,GMS,NYSE,11,68.86,36.10,67.40,65.93,182893,0.0222,GMS,8.62
16,,,,True,2023-03-23,2,Q3,BMO,6,2023-06-22,913255100,"{'earningReleaseId': 619189, 'tickerId': 913255100, 'regionId': 6, 'qualifier': 'BMO', 'epsEstimate': '1.91', 'year': 2023, 'quarter': 'Q3', 'releaseDate': '2023-06-22', 'isLive': True, 'lastReleaseDate': '2023-03-23', 'lastEps': '1.51', 'lastYear': 2023, 'lastQuarter': 'Q2', 'publishStatus': 2}",2023,<sdks.webull_sdk.top_gainers.Ticker object at 0x00000203DB596510>,-0.69,-0.0144,47.11,USD,247,1,NYSE,CMC,NYSE,11,58.09,31.16,47.57,46.62,319787,0.0200,CMC,5.45
17,,,,True,2023-03-23,2,Q4,BMO,6,2023-06-22,913255208,"{'earningReleaseId': 619531, 'tickerId': 913255208, 'regionId': 6, 'qualifier': 'BMO', 'epsEstimate': '2.5367', 'year': 2023, 'quarter': 'Q4', 'releaseDate': '2023-06-22', 'isLive': True, 'lastReleaseDate': '2023-03-23', 'publishStatus': 2}",2023,<sdks.webull_sdk.top_gainers.Ticker object at 0x00000203DB596510>,0.32,0.0019,166.33,USD,247,1,NYSE,DRI,NYSE,11,168.98,107.47,167.11,165.10,411090,0.0121,DRI,21.72
18,,,,True,2023-03-23,2,Q3,BMO,6,2023-06-22,913255287,"{'earningReleaseId': 619609, 'tickerId': 913255287, 'regionId': 6, 'qualifier': 'BMO', 'epsEstimate': '3.1156', 'year': 2023, 'quarter': 'Q3', 'releaseDate': '2023-06-22', 'isLive': True, 'lastReleaseDate': '2023-03-23', 'publishStatus': 2}",2023,<sdks.webull_sdk.top_gainers.Ticker object at 0x00000203DB596510>,2.47,0.0059,423.38,USD,247,1,NYSE,FDS,NYSE,11,474.13,349.81,426.62,418.29,224648,0.0198,FDS,36.83
19,,,,False,2023-03-09,2,Q4,BMO,6,2023-06-22,913323737,"{'earningReleaseId': 619521, 'tickerId': 913323737, 'regionId': 6, 'qualifier': 'BMO', 'epsEstimate': '0.455', 'year': 2023, 'quarter': 'Q4', 'releaseDate': '2023-06-22', 'isLive': False, 'lastReleaseDate': '2023-03-09', 'lastEps': '0.54', 'lastYear': 2023, 'lastQuarter': 'Q3', 'publishStatus': 2}",2023,<sdks.webull_sdk.top_gainers.Ticker object at 0x00000203DB596510>,-0.50,-0.0131,37.66,USD,247,1,NYSE,MEI,NYSE,11,51.38,33.57,38.03,37.42,119287,0.0161,MEI,16.33
20,,,,False,2023-03-09,1,Q4,AMC,6,2023-06-22,925172971,"{'earningReleaseId': 619780, 'tickerId': 925172971, 'regionId': 6, 'qualifier': 'AMC', 'epsEstimate': '0.2667', 'year': 2023, 'quarter': 'Q4', 'releaseDate': '2023-06-22', 'isLive': False, 'lastReleaseDate': '2023-03-09', 'lastEps': '0.24', 'lastYear': 2023, 'lastQuarter': 'Q3', 'publishStatus': 1}",2023,<sdks.webull_sdk.top_gainers.Ticker object at 0x00000203DB596510>,-0.31,-0.0256,11.63,USD,247,1,NASDAQ,SWBI,NSQ,96,16.72,8.13,11.94,11.53,299041,0.0344,SWBI,8.90
21,,,,True,2023-02-09,1,Q4,AMC,6,2023-06-22,925241943,"{'earningReleaseId': 619858, 'tickerId': 925241943, 'regionId': 6, 'qualifier': 'AMC', 'epsEstimate': '-0.4683', 'year': 2023, 'quarter': 'Q4', 'releaseDate': '2023-06-22', 'isLive': True, 'lastReleaseDate': '2023-02-09', 'lastEps': '-0.43', 'lastYear': 2023, 'lastQuarter': 'Q3', 'publishStatus': 1}",2023,<sdks.webull_sdk.top_gainers.Ticker object at 0x00000203DB596510>,0.15,0.0238,6.25,USD,247,1,NASDAQ,XAIR,NAS,10,11.76,5.10,6.36,6.04,365226,0.0533,XAIR,-3.3480
22,,,,True,2023-03-23,2,Q3,BMO,6,2023-06-22,913254907,"{'earningReleaseId': 932316, 'tickerId': 913254907, 'regionId': 6, 'qualifier': 'BMO', 'epsEstimate': '2.869', 'year': 2023, 'quarter': 'Q3', 'releaseDate': '2023-06-22', 'isLive': True, 'lastReleaseDate': '2023-03-23', 'publishStatus': 2}",2023,<sdks.webull_sdk.top_gainers.Ticker object at 0x00000203DB596510>,-1.40,-0.0044,318.14,USD,247,1,NYSE,ACN,NYSE,11,327.93,241.01,320.64,315.01,1786164,0.0176,ACN,29.28
23,,,,True,2023-04-11,2,Q1,BMO,6,2023-06-23,913255461,"{'earningReleaseId': 619606, 'tickerId': 913255461, 'regionId': 6, 'qualifier': 'BMO', 'epsEstimate': '0.8482', 'year': 2024, 'quarter': 'Q1', 'releaseDate': '2023-06-23', 'isLive': True, 'lastReleaseDate': '2023-04-11', 'publishStatus': 2}",2024,<sdks.webull_sdk.top_gainers.Ticker object at 0x00000203DB596510>,-0.97,-0.0121,78.67,USD,247,1,NYSE,KMX,NYSE,11,106.24,52.10,80.16,78.47,850606,0.0213,KMX,25.93
24,,,,False,2023-04-12,2,Q1,BMO,6,2023-06-23,913256208,"{'earningReleaseId': 619530, 'tickerId': 913256208, 'regionId': 6, 'qualifier': 'BMO', 'epsEstimate': '0.89', 'year': 2024, 'quarter': 'Q1', 'releaseDate': '2023-06-23', 'isLive': False, 'lastReleaseDate': '2023-04-12', 'lastEps': '0.91', 'lastYear': 2023, 'lastQuarter': 'Q4', 'publishStatus': 2}",2024,<sdks.webull_sdk.top_gainers.Ticker object at 0x00000203DB596510>,0.04,0.0009,43.19,USD,247,1,NASDAQ,APOG,NSQ,96,49.65,35.82,43.42,40.88,50660,0.0588,APOG,9.30
25,,,,False,2023-03-27,2,Q2,BMO,6,2023-06-26,913255078,"{'earningReleaseId': 619608, 'tickerId': 913255078, 'regionId': 6, 'qualifier': 'BMO', 'epsEstimate': '-0.345', 'year': 2023, 'quarter': 'Q2', 'releaseDate': '2023-06-26', 'isLive': False, 'lastReleaseDate': '2023-03-27', 'publishStatus': 2}",2023,<sdks.webull_sdk.top_gainers.Ticker object at 0x00000203DB596510>,0.03,0.0016,15.83,USD,247,1,NYSE,CCL,NYSE,11,16.40,6.11,16.06,15.70,27075503,0.0228,CCL,-3.8797
26,,,,False,2023-03-27,2,Q2,BMO,6,2023-06-26,913323335,"{'earningReleaseId': 934527, 'tickerId': 913323335, 'regionId': 6, 'qualifier': 'BMO', 'year': 2023, 'quarter': 'Q2', 'releaseDate': '2023-06-26', 'isLive': False, 'lastReleaseDate': '2023-03-27', 'publishStatus': 2}",2023,<sdks.webull_sdk.top_gainers.Ticker object at 0x00000203DB596510>,0.03,0.0018,14.25,USD,247,1,NYSE,CUK,NYSE,11,14.73,5.43,14.48,14.17,1491802,0.0214,CUK,-3.4220
27,,,,False,2023-03-28,1,Q2,AMC,6,2023-06-27,913255502,"{'earningReleaseId': 619605, 'tickerId': 913255502, 'regionId': 6, 'qualifier': 'AMC', 'epsEstimate': '0.52', 'year': 2023, 'quarter': 'Q2', 'releaseDate': '2023-06-27', 'isLive': False, 'lastReleaseDate': '2023-03-28', 'lastEps': '0.54', 'lastYear': 2023, 'lastQuarter': 'Q1', 'publishStatus': 1}",2023,<sdks.webull_sdk.top_gainers.Ticker object at 0x00000203DB596510>,-0.10,-0.0030,32.86,USD,247,1,NYSE,JEF,NYSE,11,40.68,25.25,32.93,32.46,363643,0.0142,JEF,14.12
28,,,,False,2023-03-06,1,Q4,AMC,6,2023-06-27,913256221,"{'earningReleaseId': 619604, 'tickerId': 913256221, 'regionId': 6, 'qualifier': 'AMC', 'epsEstimate': '0.7375', 'year': 2023, 'quarter': 'Q4', 'releaseDate': '2023-06-27', 'isLive': False, 'lastReleaseDate': '2023-03-06', 'publishStatus': 1}",2023,<sdks.webull_sdk.top_gainers.Ticker object at 0x00000203DB596510>,0.86,0.0092,94.74,USD,247,1,NASDAQ,AVAV,NSQ,96,112.39,70.08,95.30,93.42,87372,0.0200,AVAV,-278.4014
29,,,,False,2023-04-05,2,Q3,BMO,6,2023-06-27,913257456,"{'earningReleaseId': 619787, 'tickerId': 913257456, 'regionId': 6, 'qualifier': 'BMO', 'epsEstimate': '1.35', 'year': 2023, 'quarter': 'Q3', 'releaseDate': '2023-06-27', 'isLive': False, 'lastReleaseDate': '2023-04-05', 'lastYear': 2023, 'lastQuarter': 'Q2', 'publishStatus': 2}",2023,<sdks.webull_sdk.top_gainers.Ticker object at 0x00000203DB596510>,-0.33,-0.0102,32.00,USD,247,1,NASDAQ,SCHN,NSQ,96,37.67,25.49,32.29,31.54,82473,0.0230,SCHN,13.40
30,,,,False,2023-03-28,2,Q3,BMO,6,2023-06-27,913324100,"{'earningReleaseId': 619776, 'tickerId': 913324100, 'regionId': 6, 'qualifier': 'BMO', 'epsEstimate': '0.7633', 'year': 2023, 'quarter': 'Q3', 'releaseDate': '2023-06-27', 'isLive': False, 'lastReleaseDate': '2023-03-28', 'lastEps': '0.81', 'lastYear': 2023, 'lastQuarter': 'Q2', 'publishStatus': 2}",2023,<sdks.webull_sdk.top_gainers.Ticker object at 0x00000203DB596510>,-0.01,-0.0002,32.66,USD,247,1,NASDAQ,WBA,NSQ,96,42.74,29.20,32.88,32.33,5193400,0.0168,WBA,-8.9721
31,,,,True,2023-03-28,2,Q2,BMO,6,2023-06-27,913324347,"{'earningReleaseId': 619594, 'tickerId': 913324347, 'regionId': 6, 'qualifier': 'BMO', 'epsEstimate': '1.4143', 'year': 2023, 'quarter': 'Q2', 'releaseDate': '2023-06-27', 'isLive': True, 'lastReleaseDate': '2023-03-28', 'publishStatus': 2}",2023,<sdks.webull_sdk.top_gainers.Ticker object at 0x00000203DB596510>,0.15,0.0016,96.92,USD,247,1,NYSE,SNX,NYSE,11,111.57,78.31,97.43,95.68,174142,0.0180,SNX,13.54
32,,,,True,2023-04-05,1,Q2,AMC,6,2023-06-27,913433529,"{'earningReleaseId': 619856, 'tickerId': 913433529, 'regionId': 6, 'qualifier': 'AMC', 'epsEstimate': '-0.01', 'year': 2023, 'quarter': 'Q2', 'releaseDate': '2023-06-27', 'isLive': True, 'lastReleaseDate': '2023-04-05', 'publishStatus': 1}",2023,<sdks.webull_sdk.top_gainers.Ticker object at 0x00000203DB596510>,-0.210,-0.0413,4.870,USD,247,1,AMEX,NG,ASE,12,6.98,4.060,5.07,4.840,733782,0.0448,NG,-30.0617
33,,,,False,2022-12-01,2,Q4,BMO,6,2023-06-27,950173507,"{'earningReleaseId': 618275, 'tickerId': 950173507, 'regionId': 6, 'qualifier': 'BMO', 'epsEstimate': '-0.45', 'year': 2023, 'quarter': 'Q4', 'releaseDate': '2023-06-27', 'isLive': False, 'lastReleaseDate': '2022-12-01', 'publishStatus': 2}",2023,<sdks.webull_sdk.top_gainers.Ticker object at 0x00000203DB596510>,0.091,0.0491,1.941,USD,247,0,NYSE,BQ,NYSE,11,3.900,0.6900,1.988,1.890,22013,0.0531,BQ,-0.0615
34,,,,True,2023-03-29,1,Q3,AMC,6,2023-06-28,913255279,"{'earningReleaseId': 619691, 'tickerId': 913255279, 'regionId': 6, 'qualifier': 'AMC', 'epsEstimate': '0.1675', 'year': 2023, 'quarter': 'Q3', 'releaseDate': '2023-06-28', 'isLive': True, 'lastReleaseDate': '2023-03-29', 'publishStatus': 1}",2023,<sdks.webull_sdk.top_gainers.Ticker object at 0x00000203DB596510>,0.02,0.0004,36.61,USD,247,1,NYSE,FC,NYSE,11,54.70,34.36,37.05,36.26,21265,0.0216,FC,27.97
35,,,,True,2023-03-30,1,Q2,AMC,6,2023-06-28,913255316,"{'earningReleaseId': 619482, 'tickerId': 913255316, 'regionId': 6, 'qualifier': 'AMC', 'epsEstimate': '0.99', 'year': 2023, 'quarter': 'Q2', 'releaseDate': '2023-06-28', 'isLive': True, 'lastReleaseDate': '2023-03-30', 'publishStatus': 1}",2023,<sdks.webull_sdk.top_gainers.Ticker object at 0x00000203DB596510>,-1.78,-0.0266,65.03,USD,247,1,NYSE,FUL,NYSE,11,81.41,56.73,66.81,64.86,170988,0.0292,FUL,21.95
36,,,,True,2023-03-23,2,Q4,BMO,6,2023-06-28,913255336,"{'earningReleaseId': 619692, 'tickerId': 913255336, 'regionId': 6, 'qualifier': 'BMO', 'epsEstimate': '1.062', 'year': 2023, 'quarter': 'Q4', 'releaseDate': '2023-06-28', 'isLive': True, 'lastReleaseDate': '2023-03-23', 'publishStatus': 2}",2023,<sdks.webull_sdk.top_gainers.Ticker object at 0x00000203DB596510>,0.18,0.0022,80.89,USD,247,1,NYSE,GIS,NYSE,11,90.89,64.76,81.59,80.69,1752930,0.0111,GIS,17.46
37,,,,True,2023-03-28,1,Q3,AMC,6,2023-06-28,913324077,"{'earningReleaseId': 619777, 'tickerId': 913324077, 'regionId': 6, 'qualifier': 'AMC', 'epsEstimate': '-1.7373', 'year': 2023, 'quarter': 'Q3', 'releaseDate': '2023-06-28', 'isLive': True, 'lastReleaseDate': '2023-03-28', 'publishStatus': 1}",2023,<sdks.webull_sdk.top_gainers.Ticker object at 0x00000203DB596510>,-1.11,-0.0164,66.55,USD,247,1,NASDAQ,MU,NSQ,96,74.77,48.14,67.62,65.77,8146434,0.0273,MU,47.80
38,,,,True,2023-03-29,2,Q3,BMO,6,2023-06-28,913324491,"{'earningReleaseId': 619681, 'tickerId': 913324491, 'regionId': 6, 'qualifier': 'BMO', 'epsEstimate': '1.2875', 'year': 2023, 'quarter': 'Q3', 'releaseDate': '2023-06-28', 'isLive': True, 'lastReleaseDate': '2023-03-29', 'publishStatus': 2}",2023,<sdks.webull_sdk.top_gainers.Ticker object at 0x00000203DB596510>,0.95,0.0055,174.63,USD,247,1,NYSE,UNF,NYSE,11,205.59,154.71,175.68,173.38,23053,0.0132,UNF,31.89
39,,,,False,2023-03-23,1,Q4,AMC,6,2023-06-28,913324559,"{'earningReleaseId': 619522, 'tickerId': 913324559, 'regionId': 6, 'qualifier': 'AMC', 'epsEstimate': '1.5', 'year': 2023, 'quarter': 'Q4', 'releaseDate': '2023-06-28', 'isLive': False, 'lastReleaseDate': '2023-03-23', 'publishStatus': 1}",2023,<sdks.webull_sdk.top_gainers.Ticker object at 0x00000203DB596510>,-0.50,-0.0082,60.42,USD,247,1,NYSE,WOR,NYSE,11,65.17,37.39,60.69,59.76,56571,0.0153,WOR,14.50
40,,,,True,2023-03-30,1,Q1,AMC,6,2023-06-28,913433508,"{'earningReleaseId': 619598, 'tickerId': 913433508, 'regionId': 6, 'qualifier': 'AMC', 'epsEstimate': '-0.0733', 'year': 2024, 'quarter': 'Q1', 'releaseDate': '2023-06-28', 'isLive': True, 'lastReleaseDate': '2023-03-30', 'publishStatus': 1}",2024,<sdks.webull_sdk.top_gainers.Ticker object at 0x00000203DB596510>,-0.168,-0.0328,4.933,USD,247,1,NYSE,BB,NYSE,11,7.20,3.170,5.10,4.910,2150230,0.0373,BB,-3.8885
41,,,,False,2023-03-09,1,Q4,AMC,6,2023-06-28,950171637,"{'earningReleaseId': 627488, 'tickerId': 950171637, 'regionId': 6, 'qualifier': 'AMC', 'epsEstimate': '-0.3933', 'year': 2023, 'quarter': 'Q4', 'releaseDate': '2023-06-28', 'isLive': False, 'lastReleaseDate': '2023-03-09', 'publishStatus': 1}",2023,<sdks.webull_sdk.top_gainers.Ticker object at 0x00000203DB596510>,-0.04,-0.0052,7.71,USD,247,1,NASDAQ,AOUT,NSQ,96,11.60,6.97,7.90,7.61,23024,0.0371,AOUT,-1.2211
42,,,,True,2023-03-29,1,Q2,AMC,6,2023-06-28,950178061,"{'earningReleaseId': 619600, 'tickerId': 950178061, 'regionId': 6, 'qualifier': 'AMC', 'epsEstimate': '1.8633', 'year': 2023, 'quarter': 'Q2', 'releaseDate': '2023-06-28', 'isLive': True, 'lastReleaseDate': '2023-03-29', 'publishStatus': 1}",2023,<sdks.webull_sdk.top_gainers.Ticker object at 0x00000203DB596510>,2.06,0.0248,85.13,USD,247,1,NASDAQ,CNXC,NSQ,96,151.82,82.14,85.20,82.20,294436,0.0361,CNXC,10.82
43,,,,True,2023-04-04,2,Q3,BMO,6,2023-06-29,913254992,"{'earningReleaseId': 619791, 'tickerId': 913254992, 'regionId': 6, 'qualifier': 'BMO', 'epsEstimate': '3.1475', 'year': 2023, 'quarter': 'Q3', 'releaseDate': '2023-06-29', 'isLive': True, 'lastReleaseDate': '2023-04-04', 'lastEps': '2.57', 'lastYear': 2023, 'lastQuarter': 'Q2', 'publishStatus': 2}",2023,<sdks.webull_sdk.top_gainers.Ticker object at 0x00000203DB596510>,-2.16,-0.0130,164.22,USD,247,1,NYSE,AYI,NYSE,11,202.90,142.27,165.56,162.46,178185,0.0186,AYI,14.41
44,,,,False,2023-04-10,2,Q3,BMO,6,2023-06-29,913255324,"{'earningReleaseId': 623848, 'tickerId': 913255324, 'regionId': 6, 'qualifier': 'BMO', 'epsEstimate': '0.57', 'year': 2023, 'quarter': 'Q3', 'releaseDate': '2023-06-29', 'isLive': False, 'lastReleaseDate': '2023-04-10', 'lastEps': '0.97', 'lastYear': 2023, 'lastQuarter': 'Q2', 'publishStatus': 2}",2023,<sdks.webull_sdk.top_gainers.Ticker object at 0x00000203DB596510>,0.21,0.0066,31.99,USD,247,1,NYSE,GBX,NYSE,11,39.52,23.18,32.12,31.24,122066,0.0278,GBX,27.96
45,,,,False,2023-04-04,2,Q3,BMO,6,2023-06-29,913255494,"{'earningReleaseId': 619790, 'tickerId': 913255494, 'regionId': 6, 'qualifier': 'BMO', 'epsEstimate': '2.15', 'year': 2023, 'quarter': 'Q3', 'releaseDate': '2023-06-29', 'isLive': False, 'lastReleaseDate': '2023-04-04', 'publishStatus': 2}",2023,<sdks.webull_sdk.top_gainers.Ticker object at 0x00000203DB596510>,-0.05,-0.0004,127.22,USD,247,1,NYSE,LNN,NYSE,11,183.08,116.16,127.99,125.22,36772,0.0217,LNN,17.74
46,,,,True,2023-03-30,2,Q1,BMO,6,2023-06-29,913323117,"{'earningReleaseId': 618114, 'tickerId': 913323117, 'regionId': 6, 'qualifier': 'BMO', 'year': 2023, 'quarter': 'Q1', 'releaseDate': '2023-06-29', 'isLive': True, 'lastReleaseDate': '2023-03-30', 'lastYear': 2022, 'lastQuarter': 'Q4', 'publishStatus': 2}",2023,<sdks.webull_sdk.top_gainers.Ticker object at 0x00000203DB596510>,-0.131,-0.0520,2.379,USD,247,1,NASDAQ,NNDM,NAS,10,3.740,2.060,2.520,2.360,1435783,0.0637,NNDM,-2.6971
47,,,,True,2023-03-29,2,Q4,BMO,6,2023-06-29,913323444,"{'earningReleaseId': 619680, 'tickerId': 913323444, 'regionId': 6, 'qualifier': 'BMO', 'epsEstimate': '0.979', 'year': 2023, 'quarter': 'Q4', 'releaseDate': '2023-06-29', 'isLive': True, 'lastReleaseDate': '2023-03-29', 'publishStatus': 2}",2023,<sdks.webull_sdk.top_gainers.Ticker object at 0x00000203DB596510>,-1.21,-0.0106,112.39,USD,247,1,NASDAQ,PAYX,NSQ,96,139.47,103.37,113.29,111.80,791695,0.0131,PAYX,27.10
48,,,,False,2023-03-28,2,Q2,BMO,6,2023-06-29,913323767,"{'earningReleaseId': 619676, 'tickerId': 913323767, 'regionId': 6, 'qualifier': 'BMO', 'year': 2023, 'quarter': 'Q2', 'releaseDate': '2023-06-29', 'isLive': False, 'lastReleaseDate': '2023-03-28', 'lastYear': 2023, 'lastQuarter': 'Q1', 'publishStatus': 2}",2023,<sdks.webull_sdk.top_gainers.Ticker object at 0x00000203DB596510>,2.65,0.0289,94.20,USD,247,0,NYSE,MKC-V,NYSE,11,94.20,67.70,94.20,92.50,4719,0.0186,MKC V,38.18
49,,,,False,2023-03-28,2,Q2,BMO,6,2023-06-29,913323768,"{'earningReleaseId': 619676, 'tickerId': 913323768, 'regionId': 6, 'qualifier': 'BMO', 'epsEstimate': '0.5725', 'year': 2023, 'quarter': 'Q2', 'releaseDate': '2023-06-29', 'isLive': False, 'lastReleaseDate': '2023-03-28', 'publishStatus': 2}",2023,<sdks.webull_sdk.top_gainers.Ticker object at 0x00000203DB596510>,1.18,0.0127,93.83,USD,247,1,NYSE,MKC,NYSE,11,94.13,70.17,94.13,93.00,1412164,0.0122,MKC,38.03
